{"1,-1,1,-1,1,-1,-1,1,1":0.8999999999999998,"1,-1,1,-1,1,-1,0,1,0":0.8099999999999996,"1,-1,1,-1,1,0,0,0,0":0.8027488318807257,"1,-1,1,0,0,0,0,0,0":0.6739474005091052,"1,0,0,0,0,0,0,0,0":0.5546721741184075,"1,-1,1,-1,1,-1,1,0,0":0.8999999999999998,"-1,1,-1,1,1,-1,1,-1,1":0.29000000000000004,"-1,1,-1,1,1,0,1,-1,0":0.24374199148097775,"-1,1,-1,1,0,0,1,0,0":0.22394618713540612,"-1,1,0,0,0,0,1,0,0":0.23487497627449885,"0,0,0,0,0,0,1,0,0":0.2352396124884464,"1,1,-1,1,-1,1,0,-1,0":0,"1,1,-1,1,0,0,0,-1,0":0.2060688061494287,"1,1,0,0,0,0,0,-1,0":0.3064209720144831,"1,-1,1,1,-1,1,-1,0,0":0,"1,-1,1,1,0,0,-1,0,0":0.09878919610787748,"1,-1,1,-1,1,1,-1,-1,1":0.8999999999999998,"1,-1,1,-1,1,1,0,-1,0":0.8099999999999996,"1,1,-1,1,-1,-1,1,0,0":0.8999999999999998,"1,1,-1,1,-1,0,0,0,0":0.40991924136674907,"1,1,0,0,-1,0,0,0,0":0.3978749783208336,"-1,1,-1,1,-1,1,0,1,0":0,"-1,1,-1,1,0,0,0,1,0":0.16498038707239204,"-1,1,0,0,0,0,0,1,0":0.21327903456112746,"0,0,0,0,0,0,0,1,0":0.19984486421273828,"1,-1,1,-1,1,0,1,-1,0":0.8999999689421414,"1,-1,1,0,0,0,1,-1,0":0.806089159449224,"1,-1,1,-1,-1,1,-1,1,1":0.8999999999999998,"1,-1,1,-1,-1,1,0,1,0":0.8099999999999996,"1,-1,1,-1,0,0,0,1,0":0.7198460702635792,"-1,1,1,-1,1,-1,1,0,0":0.8999999999999998,"-1,1,1,-1,1,0,0,0,0":0.49094642821401074,"-1,1,1,0,0,0,0,0,0":0.5048975483709336,"0,0,1,0,0,0,0,0,0":0.47114952489463224,"-1,1,-1,1,1,1,-1,0,0":0.8972799169058671,"-1,1,-1,1,1,0,0,0,0":0.33935249217621666,"-1,1,0,1,0,0,0,0,0":0.22939493991812487,"0,0,0,1,0,0,0,0,0":0.18898298292912497,"1,-1,1,1,-1,-1,1,0,0":0.8999999999999998,"1,-1,1,1,0,-1,0,0,0":0.7860167736116832,"1,-1,1,-1,-1,1,1,0,0":0,"1,-1,1,-1,0,0,1,0,0":0.028638516393786055,"1,-1,1,1,0,0,0,-1,0":0.1102748886926667,"1,1,-1,1,-1,0,1,-1,0":0.8896237064585384,"1,-1,1,1,-1,0,0,0,0":0.7903168274337674,"-1,1,-1,1,1,-1,1,0,0":0.245,"-1,1,0,0,1,0,0,0,0":0.17468452174664903,"0,0,0,0,1,0,0,0,0":0.24743491070218498,"1,-1,1,-1,0,1,-1,1,0":0.5021118684221193,"1,-1,1,0,0,1,-1,0,0":0.707294243082212,"1,-1,0,0,0,1,0,0,0":0.4431498150741879,"-1,1,1,1,-1,-1,1,-1,1":0.2899998179640497,"-1,1,1,1,-1,-1,1,0,0":0.24499584769082688,"-1,1,1,1,0,-1,0,0,0":0.21318073214024214,"0,1,0,0,0,0,0,0,0":0.45654128621270285,"1,-1,1,-1,1,0,-1,1,0":0.8099999703273197,"1,-1,1,-1,1,1,-1,0,0":0.8099999999999996,"1,-1,1,0,1,0,-1,0,0":0.7222682712511925,"1,0,0,0,1,0,-1,0,0":0.4305868135114942,"-1,1,-1,1,-1,1,1,-1,1":0.29000000000000004,"-1,1,-1,1,-1,1,1,0,0":0.245,"-1,1,-1,1,0,1,0,0,0":0.19795912956046996,"-1,1,0,0,0,1,0,0,0":0.23308907013701585,"0,0,0,0,0,1,0,0,0":0.1868489157431111,"1,-1,-1,1,1,-1,-1,1,1":0.8999978449281457,"1,-1,-1,1,1,-1,0,1,0":0.8096585392206712,"1,-1,-1,1,0,0,0,1,0":0.0036450756052071654,"1,-1,0,0,0,0,0,1,0":0.12488560727322334,"1,-1,-1,1,1,-1,1,0,0":0.8999999999999998,"1,-1,0,0,1,-1,1,0,0":0.031752,"1,0,0,0,1,-1,0,0,0":0.41020244080453916,"1,-1,-1,1,1,1,0,-1,0":0.8997079333017074,"1,0,-1,0,1,1,0,-1,0":0.032400000000000005,"1,0,0,0,1,0,0,-1,0":0.4583993998918662,"1,-1,1,1,-1,-1,-1,1,1":0.28999999999997006,"1,-1,1,1,-1,-1,0,1,0":0.24499999960815877,"1,-1,1,0,-1,0,1,0,0":0,"1,-1,0,0,0,0,1,0,0":0.7561537838630031,"1,-1,-1,-1,1,1,1,-1,1":0.8999871547707657,"1,-1,-1,-1,1,1,1,0,0":0.8098601154536379,"1,-1,-1,0,1,1,0,0,0":0.7019213401816085,"1,-1,0,0,1,0,0,0,0":0.7036336679773997,"1,1,-1,-1,-1,1,0,1,0":0,"1,1,-1,-1,0,1,0,0,0":0.21524295545906494,"1,1,0,-1,0,0,0,0,0":0.4217476805522365,"1,-1,-1,1,-1,1,1,0,0":0.8999999999999845,"1,-1,-1,1,0,1,0,0,0":0.7259676899580559,"1,0,-1,0,0,1,0,0,0":0.5461564913757233,"1,-1,1,-1,0,1,1,-1,0":0,"1,-1,1,-1,0,1,0,0,0":0.10197821155286671,"1,1,-1,1,0,0,-1,0,0":0.009368027793554343,"1,1,0,0,0,0,-1,0,0":0.1640050847498311,"1,1,-1,-1,-1,1,1,-1,1":0.2899999998557763,"1,1,-1,-1,-1,1,1,0,0":0.24499999628875646,"1,-1,-1,1,-1,1,0,1,0":0,"1,1,-1,-1,1,-1,1,-1,1":0.8999999999999998,"1,1,-1,-1,1,-1,1,0,0":0.8099999999999996,"1,1,-1,-1,1,0,0,0,0":0.7413180251340932,"1,1,-1,0,0,0,0,0,0":0.5128906663996633,"-1,1,0,1,0,0,1,-1,0":0.019893558528000004,"1,1,-1,1,0,-1,0,0,0":0.7721006105076975,"1,1,0,0,0,-1,0,0,0":0.6651277063486973,"1,-1,0,1,0,0,0,0,0":0.5782547912443158,"1,1,-1,-1,1,1,-1,-1,1":0.8999999997135418,"1,1,-1,-1,1,1,0,-1,0":0.8099861112429455,"1,1,0,-1,0,1,0,-1,0":0.355654775457011,"0,1,0,-1,0,1,0,0,0":0.05587951940890029,"1,-1,1,0,-1,0,0,1,0":0.6343191660852128,"-1,1,-1,1,1,0,-1,1,0":0.7792040448,"1,-1,1,0,1,-1,0,0,0":0.7570319682014185,"-1,1,1,-1,1,0,1,-1,0":0.860417581400064,"-1,1,-1,-1,-1,1,1,1,1":0.6050880000000001,"-1,1,-1,-1,0,1,1,1,0":0.27915840000000003,"-1,1,-1,0,0,1,1,0,0":0.21872297424406997,"-1,0,0,0,0,1,1,0,0":0.1786153715371503,"1,0,0,-1,0,0,0,1,0":0.280618434891473,"-1,1,1,1,1,-1,-1,-1,1":0.28786017768744976,"-1,1,1,1,1,-1,0,-1,0":0.1252687167674819,"-1,1,1,0,1,-1,0,0,0":0.6896582294306106,"1,-1,1,0,0,-1,1,0,0":0.8022179245360149,"1,0,0,0,0,-1,1,0,0":0.6056351019884929,"1,-1,-1,1,0,0,1,0,0":0.8999999999999998,"1,-1,-1,1,1,0,0,0,0":0.7999322490883004,"1,1,-1,-1,1,-1,0,1,0":0.8988858539646432,"1,1,-1,0,0,-1,0,1,0":0.38004747674849804,"1,1,-1,-1,1,1,-1,0,0":0.8099123942485176,"1,1,-1,0,1,0,-1,0,0":0.6344314124742303,"1,1,-1,1,1,-1,-1,-1,1":0.8999998815236719,"1,1,-1,1,1,0,-1,-1,0":0.8006481502957535,"-1,1,-1,-1,1,0,1,1,0":0.8746672520960409,"-1,1,-1,0,0,0,1,1,0":0.6831929182692044,"1,1,1,-1,0,0,-1,0,0":0.85052197675008,"1,0,1,-1,0,0,0,0,0":0.5008650669207962,"1,0,0,0,-1,0,1,0,0":0.0681045050813025,"1,1,-1,-1,0,0,0,1,0":0.11732586802513656,"-1,-1,1,0,1,0,1,0,0":0.7792040448,"-1,0,0,0,1,0,1,0,0":0.29025503533487274,"1,-1,1,1,1,-1,-1,-1,1":0.899999998634061,"1,-1,1,1,1,-1,0,-1,0":0.8082859129795898,"1,-1,1,1,1,0,-1,-1,0":0.8091893482630541,"1,-1,0,1,-1,0,0,1,0":0.1400166711594399,"1,-1,-1,-1,1,1,-1,1,1":0.8996349166271342,"1,-1,-1,-1,1,1,0,1,0":0.8073713997153666,"1,-1,-1,0,0,1,0,1,0":0.6240530359054158,"1,1,1,-1,0,-1,0,0,0":0.860417581400064,"-1,1,1,-1,0,1,0,0,0":0.3674352803912083,"-1,-1,1,1,-1,1,1,0,0":0,"-1,-1,1,0,0,1,1,0,0":0.46511219935918824,"-1,0,1,0,0,1,0,0,0":0.12695742718202305,"1,1,1,0,0,-1,0,-1,0":0.8837870413414661,"1,-1,1,-1,-1,0,1,1,0":0,"-1,-1,1,-1,-1,1,1,1,1":0.6640704000000001,"-1,-1,1,-1,0,1,1,1,0":0.34285939200000004,"-1,-1,1,0,0,1,0,1,0":0.036407250909957986,"-1,0,0,0,0,1,0,1,0":0.019458163777733243,"1,1,-1,1,-1,-1,0,1,0":0,"1,0,1,0,0,0,0,-1,0":0.37275708441493777,"1,-1,1,1,1,-1,-1,0,0":0.80819490417454,"1,0,0,-1,1,0,0,0,0":0.5889912233019904,"1,-1,1,0,0,1,0,-1,0":0.4322248282022937,"1,1,-1,0,0,1,-1,0,0":0.19722500065814275,"1,1,-1,1,1,-1,-1,0,0":0.8073430354401953,"1,1,0,1,0,-1,-1,0,0":0.31854327459781745,"1,0,0,1,0,0,-1,0,0":0.06793855337366556,"-1,1,1,1,-1,1,-1,-1,1":0.8995436457839178,"-1,1,1,1,-1,1,0,-1,0":0.7759636962722749,"-1,1,1,1,0,0,0,-1,0":0.6052621247968921,"1,-1,-1,1,1,1,-1,0,0":0.8998803694803793,"-1,1,1,-1,-1,1,0,1,0":0,"-1,1,1,-1,0,0,0,1,0":0.00681148177554437,"-1,-1,1,1,1,1,-1,0,0":0.53136,"-1,-1,1,0,1,1,0,0,0":0.6859911543909004,"-1,0,0,0,1,1,0,0,0":0.4175090910559118,"1,1,-1,0,1,-1,1,-1,0":0.27420538245072446,"1,1,-1,0,0,0,1,-1,0":0.5653325605200059,"1,1,-1,1,0,-1,1,-1,0":0.71125632,"1,1,-1,1,1,-1,0,-1,0":0.7996343792457542,"-1,-1,1,1,0,0,1,0,0":0.03027102720753857,"-1,0,1,0,0,0,1,0,0":0.0993263043307798,"-1,1,1,1,-1,1,-1,0,0":0.7635202743345821,"-1,1,1,1,0,0,-1,0,0":0.5449024580536496,"-1,1,-1,1,1,-1,0,1,0":0.8998130773130927,"-1,1,1,0,0,0,1,-1,0":0.28774843925982385,"-1,1,1,0,0,1,-1,0,0":0.04290837232638365,"1,0,-1,0,0,0,0,1,0":0.1126269603666095,"1,1,1,0,0,0,-1,-1,0":0.860417581400064,"1,-1,-1,1,1,0,-1,1,0":0.789149819102612,"-1,1,-1,1,-1,-1,1,1,1":0.8992869465373716,"-1,1,-1,1,-1,0,1,1,0":0.8023722219981364,"1,-1,1,0,0,-1,0,1,0":0.5395381373625618,"-1,1,1,-1,1,-1,0,1,0":0.8991086831717146,"1,-1,1,1,-1,0,-1,1,0":0.2445922509085945,"1,1,-1,0,1,0,0,-1,0":0.47049938674267,"1,-1,1,0,0,0,-1,1,0":0.6761478492118327,"-1,1,1,-1,1,1,0,-1,0":0,"-1,1,1,0,0,1,0,-1,0":0,"1,1,1,-1,0,0,0,-1,0":0.85052197675008,"-1,-1,1,-1,1,0,1,1,0":0.8746672520960409,"-1,-1,1,0,0,0,1,1,0":0.6087522581886732,"-1,0,0,0,0,0,1,1,0":0.5138803212601101,